epoch,time,train/box_loss,train/seg_loss,train/cls_loss,train/dfl_loss,train/sem_loss,metrics/precision(B),metrics/recall(B),metrics/mAP50(B),metrics/mAP50-95(B),metrics/precision(M),metrics/recall(M),metrics/mAP50(M),metrics/mAP50-95(M),val/box_loss,val/seg_loss,val/cls_loss,val/dfl_loss,val/sem_loss,lr/pg0,lr/pg1,lr/pg2
1,47.0821,0.53087,1.33062,4.3394,0.01031,2.18259,1,0.12197,0.54861,0.4468,1,0.12197,0.54139,0.49126,0.49243,0.90966,10.1388,0.0157,0,0.000657005,0.000657005,0.000657005
2,83.1307,0.65219,0.61118,2.59337,0.01316,0.32566,0.90189,0.87407,0.95146,0.6604,0.90189,0.87407,0.95146,0.88086,1.12276,0.48106,5.55564,0.03944,0,0.00132353,0.00132353,0.00132353
3,125.84,0.72735,0.63984,1.66292,0.01433,0.33344,0.7182,0.57037,0.60463,0.24725,0.76038,0.59259,0.67352,0.38047,2.2633,13.8296,5.39452,0.08865,0,0.00198947,0.00198947,0.00198947
4,162.786,0.73257,0.62448,1.1504,0.01463,0.31758,0.92935,0.94074,0.98199,0.65608,0.92935,0.94074,0.98199,0.93022,1.20672,0.382,1.76369,0.04751,0,0.00199805,0.00199805,0.00199805
5,198.17,0.74495,0.61046,0.81129,0.01483,0.29834,0.93642,0.98184,0.98865,0.78049,0.93642,0.98184,0.98865,0.94018,0.78681,0.46105,1.17926,0.02976,0,0.00199653,0.00199653,0.00199653
6,233.965,0.68937,0.59278,0.64221,0.01417,0.3178,0.54287,0.52593,0.49948,0.13959,0.42476,0.15556,0.17316,0.02596,3.20939,16.3462,2.69469,0.13856,0,0.00199458,0.00199458,0.00199458
7,270.667,0.71021,0.59356,0.54462,0.01379,0.29912,0.89879,0.85519,0.95179,0.80746,0.89879,0.85519,0.95179,0.84202,0.62507,0.97704,0.89086,0.02063,0,0.00199219,0.00199219,0.00199219
8,305.82,0.66963,0.58779,0.4797,0.01312,0.29344,0.95056,0.85448,0.95065,0.73387,0.95056,0.85448,0.95124,0.8489,0.82095,0.96045,0.9869,0.027,0,0.00198938,0.00198938,0.00198938
9,341.412,0.60147,0.55645,0.38516,0.01175,0.26697,0.94936,0.9037,0.98048,0.82876,0.94936,0.9037,0.98048,0.92503,0.64541,0.35277,0.58954,0.02256,0,0.00198614,0.00198614,0.00198614
10,376.901,0.58483,0.50919,0.35864,0.01141,0.2503,0.97737,0.95984,0.99066,0.8318,0.97737,0.95984,0.99066,0.93511,0.66278,0.35101,0.39847,0.0226,0,0.00198246,0.00198246,0.00198246
11,411.761,0.57738,0.53449,0.33079,0.01106,0.2568,0.97788,0.98219,0.99251,0.85833,0.97788,0.98219,0.99251,0.89773,0.53759,0.62743,0.3376,0.01981,0,0.00197837,0.00197837,0.00197837
12,447.967,0.62162,0.53385,0.33466,0.01192,0.2746,0.95586,0.96296,0.99035,0.86141,0.95586,0.96296,0.99035,0.95297,0.57766,0.36363,0.32269,0.02105,0,0.00197384,0.00197384,0.00197384
13,482.967,0.61024,0.51792,0.33998,0.01195,0.25812,0.91174,0.91111,0.94138,0.45173,0.86536,0.80939,0.83,0.26258,2.03271,1.80306,1.28541,0.07233,0,0.0019689,0.0019689,0.0019689
14,517.737,0.57176,0.5278,0.29792,0.01101,0.25483,0.9808,0.97778,0.99353,0.88055,0.9808,0.97778,0.99353,0.93245,0.47653,0.38354,0.25964,0.01605,0,0.00196353,0.00196353,0.00196353
15,554.844,0.55504,0.51954,0.302,0.01061,0.24104,0.84651,0.66667,0.7741,0.55463,0.79008,0.62222,0.64091,0.45333,1.5661,1.96722,1.38881,0.05989,0,0.00195775,0.00195775,0.00195775
16,589.879,0.57175,0.54347,0.28581,0.01067,0.25576,0.98398,0.98519,0.99396,0.84965,0.98398,0.98519,0.99396,0.94261,0.62813,0.34714,0.28378,0.02196,0,0.00195155,0.00195155,0.00195155
17,625.746,0.55363,0.52275,0.29197,0.01039,0.24567,0.96409,0.99435,0.99411,0.84817,0.96409,0.99435,0.99411,0.92076,0.57363,0.49352,0.23448,0.01953,0,0.00194493,0.00194493,0.00194493
18,662.595,0.53362,0.5136,0.25335,0.01041,0.26707,0.98978,0.96296,0.99339,0.85361,0.98978,0.96296,0.99339,0.92986,0.58475,0.38667,0.24236,0.02053,0,0.00193791,0.00193791,0.00193791
19,698.853,0.50171,0.50475,0.27226,0.00922,0.24221,0.98041,0.98519,0.99448,0.82835,0.98041,0.98519,0.99448,0.93397,0.62466,0.3619,0.28034,0.02284,0,0.00193048,0.00193048,0.00193048
20,736.929,0.54288,0.51866,0.27512,0.00998,0.2728,0.97792,0.9843,0.99398,0.82219,0.97792,0.9843,0.99398,0.91195,0.60208,0.42019,0.24269,0.02031,0,0.00192264,0.00192264,0.00192264
21,772.792,0.51727,0.48672,0.25879,0.00976,0.23026,1,0.9698,0.99407,0.86293,1,0.9698,0.99407,0.9389,0.56401,0.36224,0.21012,0.01923,0,0.00191441,0.00191441,0.00191441
22,808.653,0.53031,0.49688,0.25085,0.01018,0.25423,0.99263,0.99713,0.99493,0.81148,0.99263,0.99713,0.99493,0.93625,0.72716,0.35595,0.22669,0.02451,0,0.00190578,0.00190578,0.00190578
23,844.597,0.52455,0.50704,0.27304,0.00977,0.26009,0.99258,0.99033,0.99478,0.82965,0.99258,0.99033,0.99478,0.94086,0.69282,0.31905,0.23176,0.02322,0,0.00189675,0.00189675,0.00189675
24,879.722,0.548,0.50834,0.2677,0.01085,0.24838,1,0.99238,0.995,0.90028,1,0.99238,0.995,0.9628,0.45438,0.40985,0.16884,0.0156,0,0.00188734,0.00188734,0.00188734
25,916.38,0.52862,0.51598,0.24754,0.00996,0.26244,0.97104,0.99338,0.99411,0.92014,0.97104,0.99338,0.99411,0.95107,0.38108,0.33381,0.16586,0.012,0,0.00187754,0.00187754,0.00187754
26,951.984,0.51867,0.48532,0.24537,0.00999,0.21283,0.91603,0.75556,0.89303,0.67086,0.88812,0.7037,0.84508,0.67532,1.1891,0.93078,0.91421,0.03903,0,0.00186737,0.00186737,0.00186737
27,986.573,0.51897,0.50612,0.23695,0.00958,0.2386,1,0.97656,0.99377,0.8867,1,0.97656,0.99377,0.91375,0.50356,0.55031,0.24602,0.01668,0,0.00185681,0.00185681,0.00185681
28,1023.76,0.48882,0.45197,0.23866,0.00912,0.21886,0.99264,0.99877,0.99493,0.88617,0.99264,0.99877,0.99493,0.94706,0.47328,0.34563,0.16414,0.0171,0,0.00184588,0.00184588,0.00184588
29,1058.84,0.51087,0.48235,0.23217,0.00988,0.2376,0.98527,0.99093,0.99389,0.82697,0.98527,0.99093,0.99389,0.89501,0.65338,0.49122,0.22259,0.02147,0,0.00183459,0.00183459,0.00183459
30,1094.55,0.52205,0.48335,0.23649,0.01013,0.27679,0.9959,0.98519,0.99485,0.81774,0.9959,0.98519,0.99485,0.94037,0.69957,0.32561,0.25682,0.02444,0,0.00182294,0.00182294,0.00182294
31,1130.73,0.49309,0.51413,0.24433,0.00924,0.24433,0.94852,1,0.99369,0.89427,0.94852,1,0.99369,0.94188,0.48893,0.42497,0.20142,0.01617,0,0.00181093,0.00181093,0.00181093
32,1165.72,0.50758,0.50709,0.229,0.00932,0.24349,0.9854,0.99997,0.99456,0.8998,0.9854,0.99997,0.99456,0.93657,0.43181,0.35741,0.15682,0.01409,0,0.00179856,0.00179856,0.00179856
33,1202.91,0.4942,0.4976,0.23562,0.00928,0.24004,0.99687,0.96296,0.99275,0.88458,0.99687,0.96296,0.99275,0.88347,0.50467,0.81655,0.24726,0.0173,0,0.00178586,0.00178586,0.00178586
34,1238.49,0.44852,0.46593,0.20952,0.00792,0.21926,0.98988,0.99259,0.9947,0.93207,0.98988,0.99259,0.9947,0.94958,0.37179,0.38453,0.13872,0.01197,0,0.00177281,0.00177281,0.00177281
35,1274.13,0.45391,0.48724,0.22686,0.00818,0.22399,0.97621,0.99259,0.99456,0.92993,0.97621,0.99259,0.99456,0.9509,0.38909,0.34269,0.17057,0.01272,0,0.00175943,0.00175943,0.00175943
36,1311.27,0.46745,0.46789,0.23228,0.00881,0.22828,0.89751,0.91852,0.93078,0.57605,0.90184,0.74815,0.83099,0.33825,1.76916,1.65451,0.77065,0.05735,0,0.00174571,0.00174571,0.00174571
37,1346.6,0.47562,0.48568,0.21599,0.00862,0.21674,0.98455,0.99259,0.99478,0.93826,0.98455,0.99259,0.99478,0.95098,0.37513,0.35868,0.13333,0.01184,0,0.00173168,0.00173168,0.00173168
38,1383.97,0.46355,0.47399,0.2137,0.00849,0.23758,0.98539,0.9989,0.99493,0.94583,0.98539,0.9989,0.99493,0.95819,0.32446,0.29495,0.14095,0.01058,0,0.00171733,0.00171733,0.00171733
39,1419.78,0.474,0.4834,0.2355,0.00878,0.23509,0.99264,0.9991,0.99485,0.91384,0.99264,0.9991,0.99485,0.95437,0.42939,0.35928,0.13581,0.01469,0,0.00170267,0.00170267,0.00170267
40,1455.58,0.44403,0.44486,0.20433,0.00814,0.22094,0.88868,0.88706,0.9432,0.72898,0.88868,0.88706,0.94348,0.83393,0.83107,0.88797,0.57581,0.02885,0,0.0016877,0.0016877,0.0016877
41,1492.79,0.43803,0.48327,0.21251,0.00805,0.22918,0.99254,0.98575,0.99485,0.93166,0.99254,0.98575,0.99485,0.95583,0.36677,0.3354,0.13821,0.01225,0,0.00167244,0.00167244,0.00167244
42,1528.22,0.43753,0.47775,0.20237,0.00794,0.24071,0.97823,0.99869,0.99397,0.92959,0.97823,0.99869,0.99397,0.91363,0.36084,0.84239,0.15661,0.01264,0,0.00165689,0.00165689,0.00165689
43,1564.5,0.43837,0.47748,0.22559,0.00755,0.23731,0.96169,0.99259,0.99362,0.95443,0.96169,0.99259,0.99362,0.95421,0.30188,0.3361,0.1954,0.01002,0,0.00164105,0.00164105,0.00164105
44,1601.16,0.47909,0.46447,0.21561,0.0091,0.22791,0.95582,0.96147,0.98444,0.81486,0.95582,0.96147,0.98524,0.87515,0.67904,0.80236,0.37041,0.0233,0,0.00162494,0.00162494,0.00162494
45,1636.11,0.45537,0.43959,0.2113,0.00861,0.20422,0.98539,0.9992,0.9947,0.92068,0.98539,0.9992,0.9947,0.93747,0.3726,0.46906,0.15476,0.01254,0,0.00160855,0.00160855,0.00160855
46,1673.16,0.44761,0.50359,0.19597,0.00849,0.27721,0.99879,0.97037,0.99463,0.93802,0.99879,0.97037,0.99463,0.95737,0.3695,0.32429,0.14322,0.0121,0,0.00159191,0.00159191,0.00159191
47,1708.34,0.44743,0.44302,0.20467,0.00806,0.2273,0.97808,0.99141,0.99441,0.91068,0.97808,0.99141,0.99441,0.93174,0.40095,0.40776,0.16925,0.01391,0,0.00157501,0.00157501,0.00157501
48,1745.56,0.43305,0.43974,0.20856,0.00792,0.20306,0.99257,0.98962,0.99478,0.86651,0.99257,0.98962,0.99478,0.93547,0.56346,0.39859,0.28128,0.0177,0,0.00155786,0.00155786,0.00155786
49,1782.06,0.42581,0.44454,0.19494,0.00797,0.20416,0.9911,0.97778,0.99397,0.94182,0.9986,0.98519,0.99485,0.95977,0.33698,0.31453,0.14155,0.01133,0,0.00154047,0.00154047,0.00154047
50,1817.86,0.4257,0.44921,0.19851,0.00802,0.21185,0.97505,0.98519,0.99419,0.92602,0.97505,0.98519,0.99419,0.95458,0.39109,0.3249,0.1454,0.01307,0,0.00152285,0.00152285,0.00152285
51,1856.12,0.43628,0.47056,0.21053,0.00762,0.23566,0.98314,0.97037,0.99284,0.84963,0.98314,0.97037,0.99284,0.90906,0.53017,0.56901,0.47701,0.01797,0,0.001505,0.001505,0.001505
52,1892.75,0.40762,0.44555,0.19667,0.0075,0.22219,0.99136,1,0.99493,0.92004,0.99136,1,0.99493,0.94111,0.37054,0.42065,0.14788,0.0121,0,0.00148694,0.00148694,0.00148694
53,1931.26,0.40221,0.46105,0.19467,0.00714,0.22671,0.99258,0.99107,0.99478,0.89813,0.99258,0.99107,0.99478,0.95315,0.46428,0.36165,0.17156,0.01583,0,0.00146866,0.00146866,0.00146866
54,1967.55,0.42772,0.44703,0.20939,0.00778,0.22705,0.97788,1,0.99463,0.93679,0.97788,1,0.99463,0.94659,0.3365,0.36184,0.14118,0.01154,0,0.00145019,0.00145019,0.00145019
55,2005.27,0.42451,0.45939,0.19482,0.00774,0.20024,1,0.99927,0.995,0.93309,1,0.99927,0.995,0.94841,0.35903,0.41209,0.14748,0.01166,0,0.00143152,0.00143152,0.00143152
56,2043,0.45051,0.45042,0.21457,0.00831,0.22677,1,0.9991,0.995,0.93396,1,0.9991,0.995,0.9484,0.3689,0.3304,0.1202,0.01265,0,0.00141267,0.00141267,0.00141267
57,2082.41,0.41981,0.46582,0.18832,0.00724,0.20437,0.97096,0.99076,0.99397,0.89183,0.96371,0.98349,0.9922,0.86148,0.44649,0.87294,0.20416,0.01491,0,0.00139364,0.00139364,0.00139364
58,2120,0.42907,0.46514,0.21192,0.00785,0.22893,1,0.99172,0.995,0.94545,0.99889,1,0.995,0.95608,0.31588,0.32753,0.10933,0.01094,0,0.00137444,0.00137444,0.00137444
59,2157.73,0.42231,0.43682,0.19599,0.00753,0.19439,1,0.99924,0.995,0.92649,1,0.99924,0.995,0.97043,0.3621,0.28086,0.114,0.01289,0,0.00135509,0.00135509,0.00135509
60,2196,0.43775,0.45843,0.20436,0.00804,0.22606,0.98538,0.99881,0.99485,0.90936,0.98538,0.99881,0.99485,0.96076,0.441,0.27291,0.19918,0.01522,0,0.00133558,0.00133558,0.00133558
61,2232.86,0.4226,0.44407,0.19594,0.0076,0.20579,0.98992,0.99259,0.99441,0.92464,0.98992,0.99259,0.99441,0.96061,0.39802,0.31633,0.13909,0.01273,0,0.00131593,0.00131593,0.00131593
62,2271.24,0.41077,0.42293,0.18118,0.00789,0.19845,0.99929,1,0.995,0.88273,0.99929,1,0.995,0.95125,0.51919,0.32509,0.16059,0.01739,0,0.00129614,0.00129614,0.00129614
63,2307.93,0.3807,0.42735,0.17258,0.00682,0.19656,0.9992,1,0.995,0.95894,0.9992,1,0.995,0.95902,0.30289,0.322,0.09796,0.00967,0,0.00127623,0.00127623,0.00127623
64,2346.96,0.38725,0.42751,0.1713,0.00736,0.20029,0.99873,0.97778,0.99478,0.97464,0.99873,0.97778,0.99478,0.95663,0.23448,0.34372,0.09691,0.00751,0,0.0012562,0.0012562,0.0012562
65,2383.61,0.38274,0.39789,0.17946,0.00708,0.19682,0.9959,0.99259,0.995,0.93648,0.9959,0.99259,0.995,0.94301,0.32567,0.42698,0.41164,0.0111,0,0.00123607,0.00123607,0.00123607
66,2422,0.38127,0.4293,0.17682,0.00695,0.20779,0.99833,0.98519,0.99485,0.94014,0.99833,0.98519,0.99485,0.95552,0.34604,0.28232,0.12868,0.01128,0,0.00121583,0.00121583,0.00121583
67,2459.21,0.38319,0.43827,0.18483,0.00652,0.20336,0.9982,0.99259,0.995,0.93607,0.9982,0.99259,0.995,0.94202,0.31824,0.36725,0.12547,0.01065,0,0.00119551,0.00119551,0.00119551
68,2496.53,0.37988,0.41851,0.17937,0.00687,0.19568,0.99728,0.98519,0.99485,0.9256,0.98978,0.97778,0.99351,0.94107,0.33625,0.36943,0.14466,0.01123,0,0.0011751,0.0011751,0.0011751
69,2535.39,0.40195,0.42858,0.19035,0.00727,0.20758,0.9983,1,0.995,0.95895,0.9983,1,0.995,0.96723,0.27843,0.28684,0.10701,0.00975,0,0.00115462,0.00115462,0.00115462
70,2575.22,0.34019,0.41064,0.16243,0.00604,0.19859,1,0.99879,0.995,0.96499,1,0.99879,0.995,0.95477,0.23205,0.32202,0.08744,0.00765,0,0.00113408,0.00113408,0.00113408
71,2614.35,0.37392,0.4148,0.16342,0.0066,0.19762,0.99897,0.99259,0.995,0.95885,0.99897,0.99259,0.995,0.96329,0.28253,0.32152,0.0937,0.00944,0,0.00111348,0.00111348,0.00111348
72,2655.03,0.37168,0.41346,0.16585,0.00682,0.18673,1,0.99109,0.995,0.94728,1,0.99109,0.995,0.9528,0.29581,0.31765,0.1043,0.00994,0,0.00109284,0.00109284,0.00109284
73,2693.42,0.37131,0.41786,0.17552,0.00655,0.19264,0.99943,1,0.995,0.95444,0.99943,1,0.995,0.959,0.29451,0.30707,0.0924,0.00948,0,0.00107216,0.00107216,0.00107216
74,2732.64,0.36264,0.39716,0.15972,0.00656,0.18436,0.99923,0.99259,0.995,0.92311,0.99923,0.99259,0.995,0.92512,0.34729,0.4304,0.11524,0.01192,0,0.00105146,0.00105146,0.00105146
75,2770.57,0.35329,0.39382,0.1775,0.00627,0.20623,0.99836,0.97778,0.99471,0.96852,0.99836,0.97778,0.99471,0.95522,0.23195,0.28701,0.12207,0.00749,0,0.00103073,0.00103073,0.00103073
76,2809.72,0.35121,0.40324,0.16608,0.00624,0.22562,0.98539,0.99939,0.99471,0.96553,0.98539,0.99939,0.99471,0.95779,0.2391,0.31284,0.10285,0.00829,0,0.00101,0.00101,0.00101
77,2847.22,0.34585,0.39778,0.16885,0.00604,0.19378,0.99871,1,0.995,0.96989,0.99871,1,0.995,0.9604,0.21399,0.28487,0.07483,0.00689,0,0.000989267,0.000989267,0.000989267
78,2887.79,0.36434,0.40697,0.16345,0.00656,0.18102,0.98495,1,0.99463,0.96565,0.98495,1,0.99463,0.96139,0.25234,0.27829,0.09815,0.00821,0,0.000968543,0.000968543,0.000968543
79,2925.94,0.36448,0.39893,0.15749,0.00638,0.19282,0.99258,0.9906,0.99485,0.94855,0.99258,0.9906,0.99485,0.94845,0.30247,0.3572,0.1106,0.01034,0,0.000947837,0.000947837,0.000947837
80,2965.51,0.34596,0.38441,0.15329,0.00607,0.17261,0.99984,1,0.995,0.96381,0.99984,1,0.995,0.9587,0.24188,0.30153,0.08614,0.00763,0,0.000927159,0.000927159,0.000927159
81,3003.46,0.35735,0.42363,0.16708,0.00647,0.19642,0.99422,1,0.995,0.97285,0.99422,1,0.995,0.96852,0.20595,0.27038,0.07568,0.00687,0,0.000906517,0.000906517,0.000906517
82,3043.94,0.33956,0.3905,0.16434,0.00606,0.18919,0.99264,0.99922,0.995,0.95631,0.99264,0.99922,0.995,0.95584,0.25796,0.3015,0.0961,0.00853,0,0.00088592,0.00088592,0.00088592
83,3081.8,0.35669,0.39893,0.17181,0.00639,0.20313,0.99264,0.99966,0.995,0.94144,0.99264,0.99966,0.995,0.96516,0.32214,0.26846,0.11585,0.01102,0,0.000865378,0.000865378,0.000865378
84,3121.35,0.32885,0.38492,0.15744,0.00567,0.17914,0.99863,1,0.995,0.94199,0.99863,1,0.995,0.96382,0.32042,0.27531,0.10942,0.01119,0,0.000844899,0.000844899,0.000844899
85,3159.5,0.34637,0.40416,0.15761,0.00601,0.18703,1,0.99937,0.995,0.97068,1,0.99937,0.995,0.9674,0.24598,0.2927,0.08357,0.00807,0,0.000824492,0.000824492,0.000824492
86,3200.43,0.32401,0.36973,0.14998,0.00591,0.17291,1,0.99772,0.995,0.95233,1,0.99772,0.995,0.94824,0.26393,0.33127,0.11376,0.00883,0,0.000804167,0.000804167,0.000804167
87,3239.21,0.3338,0.39998,0.16333,0.00584,0.1838,0.98302,1,0.99478,0.9499,0.98302,1,0.99478,0.95171,0.31851,0.3377,0.116,0.01032,0,0.000783933,0.000783933,0.000783933
88,3280.43,0.33063,0.39536,0.154,0.00579,0.17442,0.99981,1,0.995,0.9733,0.99981,1,0.995,0.96896,0.21167,0.25901,0.07443,0.00702,0,0.000763797,0.000763797,0.000763797
89,3321.08,0.33575,0.38216,0.1651,0.00574,0.17102,0.99178,1,0.99463,0.95992,0.99178,1,0.99463,0.95172,0.25743,0.3125,0.0927,0.0084,0,0.000743769,0.000743769,0.000743769
90,3361.61,0.33852,0.39588,0.15786,0.00633,0.16926,0.99896,0.98519,0.99485,0.97655,0.99896,0.98519,0.99485,0.96303,0.23195,0.28246,0.09163,0.00736,0,0.000723859,0.000723859,0.000723859
91,3402.18,0.3205,0.37998,0.15151,0.00557,0.16492,1,0.99227,0.995,0.97644,1,0.99227,0.995,0.96194,0.20812,0.30829,0.07829,0.00663,0,0.000704073,0.000704073,0.000704073
92,3440.72,0.32099,0.37648,0.15804,0.00555,0.16713,0.9854,0.99972,0.99493,0.96874,0.9854,0.99972,0.99493,0.97131,0.27359,0.27774,0.1162,0.00899,0,0.000684422,0.000684422,0.000684422
93,3481.62,0.32393,0.37494,0.14752,0.00555,0.17572,1,0.99259,0.995,0.97556,1,0.99259,0.995,0.96784,0.19367,0.28032,0.07051,0.00629,0,0.000664914,0.000664914,0.000664914
94,3520.83,0.32207,0.38792,0.15727,0.00546,0.17745,0.98538,0.9983,0.99471,0.969,0.98538,0.9983,0.99471,0.96331,0.23853,0.28715,0.09692,0.00773,0,0.000645557,0.000645557,0.000645557
95,3562.26,0.3346,0.40711,0.15304,0.00564,0.17431,0.99264,0.99929,0.99493,0.96968,0.99264,0.99929,0.99493,0.96756,0.2223,0.27574,0.08988,0.00723,0,0.00062636,0.00062636,0.00062636
96,3601.97,0.31856,0.39614,0.15999,0.0054,0.17809,1,0.97575,0.99442,0.97372,1,0.97575,0.99442,0.95965,0.19999,0.30934,0.10474,0.00644,0,0.000607331,0.000607331,0.000607331
97,3643.09,0.30799,0.36681,0.15464,0.00529,0.16507,0.99836,1,0.995,0.97516,0.99836,1,0.995,0.96742,0.19611,0.2737,0.07646,0.00645,0,0.000588479,0.000588479,0.000588479
98,3683.6,0.31999,0.38546,0.15394,0.00592,0.19375,0.99866,1,0.995,0.97666,0.99866,1,0.995,0.96598,0.20755,0.28047,0.07382,0.00682,0,0.000569811,0.000569811,0.000569811
99,3722.16,0.33274,0.4947,0.16048,0.0063,0.25482,1,0.99225,0.995,0.97138,1,0.99225,0.995,0.96064,0.20526,0.28268,0.07703,0.00655,0,0.000551337,0.000551337,0.000551337
100,3760.57,0.3111,0.36721,0.15158,0.00546,0.16551,0.99959,1,0.995,0.97955,0.99959,1,0.995,0.9668,0.19318,0.26858,0.06628,0.00626,0,0.000533064,0.000533064,0.000533064
101,3796.3,0.32021,0.36417,0.1494,0.00555,0.16367,0.99264,0.99928,0.995,0.98014,0.99264,0.99928,0.995,0.96694,0.18426,0.26384,0.06996,0.00606,0,0.000515,0.000515,0.000515
102,3831.57,0.31689,0.37414,0.15024,0.00565,0.16994,0.99941,1,0.995,0.98252,0.99941,1,0.995,0.97065,0.19409,0.26522,0.06628,0.0063,0,0.000497153,0.000497153,0.000497153
103,3868.65,0.31538,0.38507,0.1452,0.00559,0.17765,0.99947,1,0.995,0.97826,0.99947,1,0.995,0.96866,0.20511,0.26038,0.06785,0.00666,0,0.000479531,0.000479531,0.000479531
104,3903.29,0.32064,0.37136,0.14977,0.00576,0.18324,0.99265,0.99988,0.99441,0.98256,0.99265,0.99988,0.99441,0.97074,0.17172,0.2651,0.07244,0.0057,0,0.000462142,0.000462142,0.000462142
105,3938.1,0.30334,0.38424,0.15073,0.00525,0.18527,0.99968,1,0.995,0.9824,0.99968,1,0.995,0.96876,0.17291,0.26331,0.05903,0.00567,0,0.000444994,0.000444994,0.000444994
106,3974.86,0.30287,0.35717,0.14249,0.00526,0.15814,0.99962,0.99259,0.995,0.97138,0.99962,0.99259,0.995,0.96571,0.23172,0.27377,0.08083,0.00734,0,0.000428093,0.000428093,0.000428093
107,4009.47,0.29887,0.3762,0.14874,0.00513,0.16646,0.9932,1,0.995,0.97223,0.9932,1,0.995,0.96706,0.20643,0.28606,0.07567,0.00693,0,0.000411447,0.000411447,0.000411447
108,4043.95,0.30089,0.37011,0.13825,0.00508,0.18381,0.99956,1,0.995,0.97828,0.99956,1,0.995,0.9717,0.20869,0.26092,0.06945,0.00701,0,0.000395064,0.000395064,0.000395064
109,4079.8,0.28754,0.36469,0.13211,0.00495,0.15898,0.96438,1,0.99373,0.97756,0.96438,1,0.99373,0.9628,0.19073,0.26448,0.09767,0.00627,0,0.00037895,0.00037895,0.00037895
110,4115.37,0.28953,0.36699,0.13007,0.00488,0.16241,1,0.99897,0.995,0.97855,1,0.99897,0.995,0.96668,0.19264,0.26502,0.0721,0.00651,0,0.000363114,0.000363114,0.000363114
111,4152.27,0.28765,0.36431,0.14434,0.00481,0.15447,1,0.99952,0.995,0.97544,1,0.99952,0.995,0.96958,0.20167,0.25208,0.07083,0.00692,0,0.000347561,0.000347561,0.000347561
112,4189.04,0.2946,0.3679,0.1442,0.00493,0.16202,1,0.9978,0.995,0.98411,1,0.9978,0.995,0.97288,0.18187,0.26195,0.08233,0.00589,0,0.000332298,0.000332298,0.000332298
113,4224.22,0.29498,0.37915,0.15165,0.00494,0.15558,0.99992,1,0.995,0.97393,0.99992,1,0.995,0.96196,0.18611,0.29194,0.06644,0.00593,0,0.000317333,0.000317333,0.000317333
114,4260.8,0.29033,0.35519,0.13235,0.00514,0.16411,0.99877,1,0.995,0.98046,0.99877,1,0.995,0.96997,0.17384,0.27218,0.06518,0.00568,0,0.000302672,0.000302672,0.000302672
115,4295.74,0.29457,0.35665,0.13548,0.00533,0.15558,0.99264,0.99854,0.995,0.9821,0.99264,0.99854,0.995,0.97259,0.15871,0.25956,0.06584,0.00516,0,0.000288321,0.000288321,0.000288321
116,4330.35,0.27794,0.35303,0.13238,0.00488,0.16173,0.99954,1,0.995,0.9837,0.99954,1,0.995,0.96877,0.16463,0.25769,0.05613,0.00539,0,0.000274287,0.000274287,0.000274287
117,4366.73,0.28652,0.34252,0.14038,0.00497,0.15311,1,0.99982,0.995,0.98129,1,0.99982,0.995,0.97008,0.17049,0.26158,0.06631,0.00557,0,0.000260575,0.000260575,0.000260575
118,4401.4,0.28362,0.38332,0.13628,0.00474,0.17344,0.99912,1,0.995,0.98201,0.99912,1,0.995,0.96414,0.17965,0.27572,0.06922,0.00584,0,0.000247192,0.000247192,0.000247192
119,4436.51,0.27465,0.33842,0.12532,0.00457,0.15151,0.99952,1,0.995,0.98271,0.99952,1,0.995,0.97126,0.16703,0.26759,0.06219,0.00541,0,0.000234143,0.000234143,0.000234143
120,4473.12,0.28617,0.34602,0.14215,0.00474,0.1523,0.98531,1,0.99493,0.98316,0.98531,1,0.99493,0.97059,0.14731,0.26228,0.06772,0.00478,0,0.000221435,0.000221435,0.000221435
121,4507.85,0.27594,0.34176,0.13242,0.00488,0.14991,0.99261,0.99507,0.99493,0.99024,0.99261,0.99507,0.99493,0.97068,0.14532,0.26504,0.06453,0.00477,0,0.000209073,0.000209073,0.000209073
122,4542.64,0.28204,0.35875,0.13281,0.00466,0.16344,0.99983,1,0.995,0.98248,0.99983,1,0.995,0.96952,0.16685,0.2702,0.05969,0.00549,0,0.000197062,0.000197062,0.000197062
123,4579.59,0.27384,0.35762,0.13712,0.00472,0.16657,1,0.99937,0.995,0.98083,1,0.99937,0.995,0.96301,0.18533,0.27868,0.06749,0.00593,0,0.000185408,0.000185408,0.000185408
124,4614.63,0.26041,0.33971,0.13011,0.00437,0.15537,0.99264,0.99971,0.995,0.98324,0.99264,0.99971,0.995,0.97321,0.15733,0.26335,0.06354,0.00529,0,0.000174115,0.000174115,0.000174115
125,4649.22,0.27591,0.3564,0.12784,0.00493,0.16411,1,0.99121,0.995,0.982,1,0.99121,0.995,0.9698,0.15678,0.26954,0.0658,0.00507,0,0.000163189,0.000163189,0.000163189
126,4685.89,0.27081,0.34547,0.12788,0.00444,0.14834,0.99942,1,0.995,0.98592,0.99942,1,0.995,0.97001,0.15214,0.25464,0.05545,0.00486,0,0.000152635,0.000152635,0.000152635
127,4720.95,0.25406,0.34066,0.12603,0.00427,0.14491,0.99204,1,0.99478,0.98773,0.99204,1,0.99478,0.97341,0.14442,0.25369,0.06401,0.00472,0,0.000142456,0.000142456,0.000142456
128,4755.87,0.26667,0.35013,0.13048,0.0044,0.16481,0.99193,1,0.995,0.98484,0.99193,1,0.995,0.97069,0.14831,0.26832,0.0587,0.00485,0,0.000132658,0.000132658,0.000132658
129,4792.99,0.26215,0.33196,0.12386,0.0044,0.15161,0.99812,0.99259,0.995,0.98663,0.99812,0.99259,0.995,0.97157,0.14642,0.2703,0.06176,0.00482,0,0.000123245,0.000123245,0.000123245
130,4827.94,0.25988,0.32521,0.12287,0.00432,0.14789,0.99899,1,0.995,0.98523,0.99899,1,0.995,0.9697,0.15207,0.26973,0.06038,0.00492,0,0.000114221,0.000114221,0.000114221
131,4863.6,0.26694,0.32939,0.12122,0.00454,0.14938,1,0.99949,0.995,0.98611,1,0.99949,0.995,0.97119,0.15673,0.25755,0.06873,0.00498,0,0.00010559,0.00010559,0.00010559
132,4900.32,0.26225,0.34245,0.13159,0.00436,0.16592,0.99261,0.99436,0.99485,0.98501,0.99261,0.99436,0.99485,0.97037,0.14986,0.26296,0.06869,0.00487,0,9.73555e-05,9.73555e-05,9.73555e-05
133,4935.96,0.25467,0.33937,0.11961,0.00434,0.15781,0.99892,1,0.995,0.98621,0.99892,1,0.995,0.97131,0.15238,0.25862,0.05829,0.0049,0,8.95213e-05,8.95213e-05,8.95213e-05
134,4973.14,0.26316,0.34433,0.12965,0.00444,0.15761,0.99964,1,0.995,0.98661,0.99964,1,0.995,0.9732,0.14776,0.25455,0.05157,0.00479,0,8.20908e-05,8.20908e-05,8.20908e-05
135,5008.14,0.25095,0.32977,0.12593,0.00414,0.14451,0.99941,1,0.995,0.98663,0.99941,1,0.995,0.9729,0.1576,0.26071,0.05518,0.00516,0,7.50674e-05,7.50674e-05,7.50674e-05
136,5045.99,0.20036,0.24666,0.08699,0.00689,0.12627,1,0.99946,0.995,0.98368,1,0.99946,0.995,0.96998,0.17235,0.26742,0.0619,0.00581,0,6.8454e-05,6.8454e-05,6.8454e-05
137,5079.53,0.22459,0.31119,0.09821,0.00828,0.27192,0.99976,1,0.995,0.97937,0.99976,1,0.995,0.96699,0.15805,0.26669,0.05865,0.00536,0,6.22537e-05,6.22537e-05,6.22537e-05
138,5111.77,0.17311,0.2288,0.07273,0.00566,0.11425,0.99974,0.99259,0.995,0.97869,0.99974,0.99259,0.995,0.96532,0.15621,0.26911,0.08222,0.00511,0,5.64691e-05,5.64691e-05,5.64691e-05
139,5143.8,0.17609,0.23307,0.07339,0.0057,0.11614,1,0.99987,0.995,0.97888,1,0.99987,0.995,0.96504,0.15069,0.27114,0.05615,0.00492,0,5.11027e-05,5.11027e-05,5.11027e-05
140,5177,0.17408,0.22769,0.0744,0.00572,0.11319,0.99944,1,0.995,0.97998,0.99944,1,0.995,0.96476,0.14888,0.27289,0.05489,0.0049,0,4.61569e-05,4.61569e-05,4.61569e-05
141,5210.5,0.17006,0.24723,0.07797,0.00563,0.12285,0.99976,0.99259,0.995,0.98191,0.99976,0.99259,0.995,0.96677,0.15059,0.26835,0.06501,0.00492,0,4.16339e-05,4.16339e-05,4.16339e-05
142,5245.18,0.17222,0.24241,0.07266,0.00575,0.11997,0.99911,0.99259,0.995,0.98056,0.99911,0.99259,0.995,0.96653,0.14886,0.26681,0.06106,0.00491,0,3.75356e-05,3.75356e-05,3.75356e-05
143,5278.1,0.17195,0.2375,0.06935,0.0055,0.12047,1,0.99927,0.995,0.9816,1,0.99927,0.995,0.96885,0.15023,0.26606,0.06774,0.00492,0,3.38639e-05,3.38639e-05,3.38639e-05
144,5311.58,0.16813,0.23099,0.07382,0.00546,0.11507,0.9995,0.99259,0.995,0.98202,0.9995,0.99259,0.995,0.96997,0.14751,0.26303,0.06258,0.00485,0,3.06204e-05,3.06204e-05,3.06204e-05
145,5344.66,0.16753,0.23033,0.07177,0.00574,0.11771,1,0.99249,0.995,0.98358,1,0.99249,0.995,0.97108,0.14785,0.26655,0.07474,0.00482,0,2.78064e-05,2.78064e-05,2.78064e-05
146,5378.78,0.16382,0.23531,0.07191,0.00531,0.11714,1,0.99239,0.995,0.98395,1,0.99239,0.995,0.97161,0.14952,0.27044,0.06377,0.00488,0,2.54233e-05,2.54233e-05,2.54233e-05
147,5413.14,0.1617,0.22809,0.06943,0.00518,0.11237,1,0.99183,0.995,0.98318,1,0.99183,0.995,0.96994,0.14555,0.26557,0.06592,0.00476,0,2.34721e-05,2.34721e-05,2.34721e-05
148,5446.14,0.17611,0.23613,0.06964,0.00574,0.11784,1,0.99199,0.995,0.98439,1,0.99199,0.995,0.96694,0.14696,0.26671,0.06659,0.00483,0,2.19535e-05,2.19535e-05,2.19535e-05
149,5478.56,0.16549,0.2431,0.07134,0.00535,0.13561,0.99955,0.99259,0.995,0.98306,0.99955,0.99259,0.995,0.96647,0.14317,0.26833,0.05563,0.00474,0,2.08684e-05,2.08684e-05,2.08684e-05
150,5512.07,0.16152,0.23607,0.06787,0.00514,0.11757,0.99168,0.99259,0.99493,0.98345,0.99168,0.99259,0.99493,0.96955,0.14226,0.26566,0.06234,0.0047,0,2.02171e-05,2.02171e-05,2.02171e-05
